geoId,heat
0500000US29189,240431550
0500000US17119,129215000
0500000US17135,8380000
0500000US39161,49935000
0500000US05113,188051050
0500000US29093,9408000
0500000US17091,70320000
0500000US48047,20000
0500000US48039,17027800
0500000US48201,963514500
0500000US48423,66471000
0500000US48067,4285600
0500000US48343,846500
0500000US48037,138942100
0500000US48143,52162600
0500000US48293,65349000
0500000US48419,14411050
0500000US28145,109975000
0500000US05053,20960000
0500000US22031,144165100
0500000US22017,216667000
0500000US22015,663451000
0500000US22119,34636500
0500000US22081,13960500
0500000US22085,18541500
0500000US22069,42697000
0500000US22013,107666000
0500000US22027,23645000
0500000US05139,68860000
0500000US22035,45778000
0500000US47157,212330500
0500000US47097,15176550
0500000US40109,1612431100
0500000US28075,34312500
0500000US12109,9223550
0500000US22019,27840650
0500000US22005,7850000
0500000US22051,32370600
0500000US22075,1252500
0500000US05019,24935500
0500000US05059,61045000
0500000US05065,149065050
0500000US05119,765611100
0500000US05117,79426000
0500000US05147,64218000
0500000US40121,14084500
0500000US28053,164337500
0500000US28007,574759050
0500000US28049,221806000
0500000US28121,372781500
0500000US28123,240117000
0500000US28079,875658000
0500000US28099,835423000
0500000US28101,93276000
0500000US22037,2245000
0500000US28025,19321000
0500000US28141,5275000
0500000US47177,8225000
0500000US17113,44369700
0500000US05067,115571550
0500000US40081,161220800
0500000US05093,102620500
0500000US40143,892731700
0500000US01097,11707050
0500000US01003,17161100
0500000US45015,9672600
0500000US40075,10961150
0500000US40149,132570600
0500000US20031,13405550
0500000US48059,22395550
0500000US40063,21465650
0500000US40029,4001050
0500000US28091,39939000
0500000US48093,57537150
0500000US28063,37263000
0500000US28001,9553500
0500000US22127,70833000
0500000US22029,8677500
0500000US22059,77310000
0500000US22043,25000000
0500000US22025,17443050
0500000US20165,1736000
0500000US48357,20999550
0500000US19129,8746050
0500000US40009,37309700
0500000US40039,69437700
0500000US40153,8499550
0500000US20009,56047600
0500000US20145,5208000
0500000US20085,15050550
0500000US20013,10997550
0500000US40045,14658750
0500000US40073,25591600
0500000US40119,35756050
0500000US46067,1880550
0500000US12127,317711350
0500000US20123,19912500
0500000US20089,19284050
0500000US19137,2910000
0500000US20141,14645000
0500000US20029,62815550
0500000US20157,18612000
0500000US31127,2835050
0500000US20161,78560500
0500000US40123,41675150
0500000US56041,10050
0500000US40007,4717700
0500000US37147,82825000
0500000US37183,690573000
0500000US22009,11453550
0500000US48157,70107000
0500000US37123,6095000
0500000US37179,59850000
0500000US48259,5855550
0500000US12095,131503650
0500000US20095,841750
0500000US40043,2892650
0500000US31145,6835700
0500000US20017,16300050
0500000US20015,547200150
0500000US20147,21785050
0500000US20033,261980200
0500000US48115,305650
0500000US40097,67854500
0500000US48121,8621550
0500000US13313,20005000
0500000US13045,32988000
0500000US13089,613035000
0500000US48477,16510500
0500000US48015,15975200
0500000US56027,1895150
0500000US13171,18824000
0500000US20159,61455000
0500000US20113,224887000
0500000US29169,112270050
0500000US40071,97291950
0500000US17015,1270500
0500000US38017,77925550
0500000US31107,11530100
0500000US56045,625600
0500000US38023,630050
0500000US29205,8841000
0500000US27167,1390000
0500000US19169,117672050
0500000US20203,1530500
0500000US48205,29100
0500000US31129,65919150
0500000US20173,1242789100
0500000US55107,44585000
0500000US55099,72110000
0500000US55019,21365000
0500000US55073,50077500
0500000US55085,107605050
0500000US20065,12877050
0500000US55047,53024500
0500000US20041,76795100
0500000US19019,16927000
0500000US20171,7705000
0500000US18141,118558000
0500000US42077,62220500
0500000US42043,11110000
0500000US20117,55231500
0500000US35037,5363150
0500000US09007,555550
0500000US09001,2955500
0500000US31021,17975000
0500000US17105,958237550
0500000US20001,14040600
0500000US18045,57421000
0500000US18107,104639000
0500000US39003,25639500
0500000US29141,2941150
0500000US18003,11488500
0500000US08123,155880600
0500000US42039,587545000
0500000US37025,8310000
0500000US35053,51050
0500000US08115,2691600
0500000US20153,1277600
0500000US20055,12722400
0500000US20063,5887050
0500000US29077,265191550
0500000US54107,4035050
0500000US24029,6005000
0500000US05001,88613000
0500000US20081,15540500
0500000US42017,11025000
0500000US12037,14120050
0500000US12063,23704500
0500000US31109,174580600
0500000US40025,5960650
0500000US37047,18396000
0500000US42071,32695000
0500000US42011,25020550
0500000US21177,42933000
0500000US21209,12090500
0500000US17117,4485500
0500000US17005,15435000
0500000US17157,20926000
0500000US22079,41441100
0500000US06085,9231000
0500000US51011,12265000
0500000US22097,37860000
0500000US22105,30279500
0500000US40015,82874900
0500000US40017,113945600
0500000US40027,3520570600
0500000US05085,149912050
0500000US05037,20989000
0500000US05111,70312000
0500000US28105,373955000
0500000US28087,83778000
0500000US01057,452103050
0500000US21211,71910000
0500000US12115,77419000
0500000US48225,3510000
0500000US18059,265065000
0500000US42001,5690000
0500000US40051,1118234700
0500000US40151,1272200
0500000US48485,618701550
0500000US20129,6355000
0500000US28129,148823000
0500000US22073,20042000
0500000US28067,133697050
0500000US28061,111346050
0500000US40065,522373400
0500000US20067,15880050
0500000US20175,17855050
0500000US40093,10063250
0500000US39063,44135000
0500000US34027,2120000
0500000US20151,25859500
0500000US31121,12680500
0500000US40137,16200200
0500000US20019,7710000
0500000US20177,694481650
0500000US20005,57971050
0500000US26093,44375500
0500000US20087,71615600
0500000US40033,15477600
0500000US40013,21130000
0500000US40095,14037050
0500000US40069,9965500
0500000US20139,83865000
0500000US42111,5697050
0500000US51097,9955000
0500000US31041,28288200
0500000US20051,9612500
0500000US20193,6562950
0500000US40139,2609150
0500000US48069,23850100
0500000US08039,893800
0500000US08035,1858700
0500000US48503,15914150
0500000US40031,76680800
0500000US20093,2740050
0500000US20061,28312000
0500000US20187,705000
0500000US13179,52817000
0500000US13071,20666050
0500000US48207,32493000
0500000US20027,111721600
0500000US29147,9350050
0500000US12023,11400500
0500000US31157,18719150
0500000US31029,50436050
0500000US20149,12500000
0500000US48233,62593700
0500000US26045,64937500
0500000US19127,69338500
0500000US35005,776000
0500000US08073,54915350
0500000US20195,22210050
0500000US48375,10810050
0500000US48065,58816500
0500000US48179,94225750
0500000US48075,7425150
0500000US40055,1251550
0500000US40141,23633150
0500000US40131,277558050
0500000US40101,11023750
0500000US01089,1982254500
0500000US20045,76570000
0500000US29161,21745550
0500000US28125,523924000
0500000US37069,507200000
0500000US51760,2720000
0500000US37141,8271000
0500000US38015,2920050
0500000US08041,11441100
0500000US48441,15037300
0500000US48251,264393000
0500000US20075,1125100
0500000US20059,13141050
0500000US08025,55500
0500000US08089,192000
0500000US19119,22952500
0500000US27085,66805000
0500000US27171,9705000
0500000US27053,596235000
0500000US27003,465240000
0500000US31165,1126200
0500000US55027,60570500
0500000US20101,1366000
0500000US18131,527130500
0500000US18049,531205050
0500000US20073,30516000
0500000US39035,182380000
0500000US20189,13116600
0500000US45009,5141500
0500000US27091,715550
0500000US31033,6295750
0500000US19081,24256000
0500000US26111,435000
0500000US39017,73125000
0500000US51700,10620050
0500000US17107,113021500
0500000US17115,36895500
0500000US42005,506945000
0500000US42063,7520000
0500000US48279,38121800
0500000US55103,5803000
0500000US29097,3018742050
0500000US20057,4263600
0500000US37019,1041500
0500000US31135,8152000
0500000US20163,29068000
0500000US46109,7175050
0500000US29177,19205500
0500000US18067,562245500
0500000US29091,75882000
0500000US31049,800550
0500000US19141,11805000
0500000US46029,15680050
0500000US42015,1470500
0500000US26161,32226050
0500000US12057,106023850
0500000US31123,12415750
0500000US37035,64630000
0500000US40083,46776600
0500000US35059,876200
0500000US20023,7847050
0500000US38041,6811000
0500000US26087,174340550
0500000US26037,13890500
0500000US26155,32065550
0500000US09013,785500
0500000US25009,1705550
0500000US33015,4295500
0500000US09005,102188100
0500000US09003,524285000
0500000US19149,23743050
0500000US20169,107061500
0500000US40035,90431200
0500000US40041,28320050
0500000US55091,2185050
0500000US55033,89077000
0500000US55097,18825000
0500000US55135,17686500
0500000US55021,32876000
0500000US26123,2382000
0500000US40103,21733550
0500000US05149,272880000
0500000US51199,15205000
0500000US22071,18360000
0500000US17125,18030500
0500000US17179,1027570000
0500000US29143,105820000
0500000US17077,27526000
0500000US17145,11055000
0500000US18089,9410000
0500000US21157,26997000
0500000US47055,29685000
0500000US01043,857552550
0500000US01077,8520050
0500000US01009,775190000
0500000US13095,378526000
0500000US12105,150263600
0500000US41039,190050
0500000US17011,16125000
0500000US28149,476477500
0500000US12031,24267200
0500000US25007,500000
0500000US12103,172107050
0500000US28159,143781000
0500000US13205,82280500
0500000US01123,184907500
0500000US13207,19287050
0500000US12013,16810000
0500000US13321,358932000
0500000US12073,7906550
0500000US13277,8853050
0500000US13107,11380000
0500000US48361,12971550
0500000US47005,27806000
0500000US29155,89466000
0500000US47037,219057000
0500000US01125,3295002500
0500000US47103,28541000
0500000US01073,3379738000
0500000US28095,52790000
0500000US28045,53360000
0500000US47127,6915000
0500000US47051,22670000
0500000US47061,1629000
0500000US12005,39707550
0500000US12099,112216100
0500000US47117,5386500
0500000US01049,83632000
0500000US47107,120055500
0500000US13119,3420000
0500000US13011,2095050
0500000US13157,5715050
0500000US48113,1177825050
0500000US05083,30780500
0500000US01107,265816000
0500000US13021,34735000
0500000US13177,60506000
0500000US48363,2790000
0500000US29187,70310000
0500000US29186,3280000
0500000US17061,7370500
0500000US29031,22508000
0500000US05061,32351000
0500000US05125,206871050
0500000US05145,394245500
0500000US05045,451475000
0500000US05031,100713000
0500000US47045,116850500
0500000US28089,139656500
0500000US28093,90988000
0500000US47047,85691500
0500000US47053,65137500
0500000US47017,64380000
0500000US47069,50222500
0500000US47023,46876000
0500000US47077,107190000
0500000US47085,12181000
0500000US21123,5115000
0500000US47081,9390000
0500000US47159,6880000
0500000US01103,1478402500
0500000US48181,16624200
0500000US48337,9360000
0500000US22053,109737600
0500000US22001,101874500
0500000US22099,18000000
0500000US22101,6252000
0500000US51015,19520000
0500000US51165,1265000
0500000US24021,3072000
0500000US42133,28260050
0500000US24011,450500
0500000US42089,6585050
0500000US34039,12135000
0500000US20047,7080500
0500000US40129,17394200
0500000US39157,7625500
0500000US48213,8755500
0500000US40057,1860250
0500000US48309,232167500
0500000US05027,11741100
0500000US05063,78681000
0500000US20119,2548050
0500000US31065,2170500
0500000US48451,33217150
0500000US20185,6515000
0500000US36031,100000
0500000US29075,11721000
0500000US08063,6088350
0500000US18097,180999500
0500000US37015,91050000
0500000US45045,19948250
0500000US45083,26426650
0500000US13019,21930000
0500000US22109,14677000
0500000US37095,2386000
0500000US20103,27331500
0500000US20091,26528050
0500000US20209,23300050
0500000US29095,64017050
0500000US19023,187338050
0500000US12053,1777550
0500000US19195,26490500
0500000US17163,37625000
0500000US19047,14046050
0500000US40011,13241250
0500000US05075,5871000
0500000US38033,75000
0500000US38089,20900000
0500000US45011,22492550
0500000US38103,775000
0500000US31089,62866050
0500000US20191,260555050
0500000US38061,1775050
0500000US27151,18725000
0500000US19035,17435050
0500000US46111,840100
0500000US27033,86880500
0500000US27015,83066000
0500000US27103,228000050
0500000US27143,123650000
0500000US55095,35505000
0500000US46055,795550
0500000US27079,58650050
0500000US27139,5880000
0500000US08121,1171200
0500000US31151,191630000
0500000US20137,18263000
0500000US46049,5165000
0500000US46053,7095500
0500000US38077,4902500
0500000US38053,2805100
0500000US38043,4885100
0500000US27051,11090050
0500000US20039,14267150
0500000US20181,13943250
0500000US38035,51734150
0500000US05091,7595000
0500000US27001,20480500
0500000US29139,10350050
0500000US17131,8480000
0500000US42049,71020500
0500000US30025,2585000
0500000US30109,1565000
0500000US37083,507935000
0500000US42087,610500
0500000US38093,5300000
0500000US27047,300341600
0500000US28031,39649500
0500000US28071,104585000
0500000US20167,7466000
0500000US20105,1570000
0500000US34005,4850000
0500000US34009,1610500
0500000US34025,1750500
0500000US31037,51320000
0500000US31023,66466000
0500000US31155,18411600
0500000US31025,12339000
0500000US29159,173433050
0500000US27149,11155000
0500000US37169,21710000
0500000US51059,67460550
0500000US24031,7351500
0500000US37055,10712000
0500000US04025,859550
0500000US20131,10995500
0500000US19139,29437000
0500000US05127,445000
0500000US37077,7415000
0500000US48455,13435000
0500000US48471,3830000
0500000US21059,83821050
0500000US21091,465050
0500000US18123,508535000
0500000US06037,121515600
0500000US05025,5265000
0500000US01047,34372500
0500000US01121,76807000
0500000US45041,5005050
0500000US12069,282096500
0500000US01127,303257000
0500000US13145,20698000
0500000US28055,519745000
0500000US28163,390663500
0500000US01025,3912500
0500000US22063,20145500
0500000US48401,331855500
0500000US48347,26981500
0500000US40049,35432200
0500000US40085,527020500
0500000US40099,13880550
0500000US28151,104250500
0500000US28015,9846000
0500000US28043,74280000
0500000US28115,41816000
0500000US28017,26375000
0500000US28081,71341000
0500000US01033,11563500
0500000US01093,1437208000
0500000US01059,1384555000
0500000US48365,314130750
0500000US48275,22710000
0500000US40087,3084820600
0500000US40019,537081250
0500000US40079,37531550
0500000US05071,49435000
0500000US05137,151135000
0500000US05115,290470500
0500000US28117,61916000
0500000US29113,4095100
0500000US47075,41115500
0500000US47113,219161000
0500000US17189,4595000
0500000US17081,38027000
0500000US17121,11815050
0500000US47183,40415500
0500000US18167,4704500
0500000US18121,630050
0500000US37127,516185000
0500000US37195,15425000
0500000US37065,14240000
0500000US18001,65446500
0500000US19193,513910100
0500000US19133,506545500
0500000US28027,74134500
0500000US19063,6680050
0500000US27145,69735700
0500000US19171,67778500
0500000US22115,30434000
0500000US22021,21990000
0500000US22083,21465500
0500000US28127,205085500
0500000US20077,4640650
0500000US29013,5941100
0500000US29083,2435100
0500000US28131,3640000
0500000US17019,143306050
0500000US17183,142503550
0500000US18171,8531000
0500000US18157,544960600
0500000US18023,540000000
0500000US18159,9577000
0500000US18095,122030000
0500000US18035,164607050
0500000US12111,7927100
0500000US40005,22256200
0500000US39025,30016000
0500000US37013,28464000
0500000US01081,29685000
0500000US13215,97596000
0500000US13193,123082000
0500000US13197,37274500
0500000US40111,71486650
0500000US05033,161518000
0500000US40089,17552100
0500000US28021,54501500
0500000US28029,121114000
0500000US19095,63972000
0500000US06099,1655500
0500000US40127,13090600
0500000US31175,27810000
0500000US48021,3390500
0500000US31185,80390500
0500000US48209,54506100
0500000US48029,119491500
0500000US22061,6235050
0500000US13225,64390000
0500000US13153,80560000
0500000US13289,15230000
0500000US51191,10376000
0500000US37133,22406500
0500000US37103,20040000
0500000US01021,9788000
0500000US01027,67981000
0500000US01023,38165000
0500000US47001,5285000
0500000US47093,12761500
0500000US47121,10600000
0500000US22007,3835000
0500000US51595,50000
0500000US28003,12186000
0500000US28103,23506000
0500000US46005,19101050
0500000US46025,7410050
0500000US46057,710000
0500000US31179,33045000
0500000US31169,52620100
0500000US31059,110314050
0500000US31159,141142050
0500000US31047,21286150
0500000US20135,7912050
0500000US40053,16833650
0500000US20127,13025000
0500000US20111,117446500
0500000US20197,68910100
0500000US20035,162916300
0500000US20049,9325050
0500000US31147,1652500
0500000US31131,168202000
0500000US29215,16845600
0500000US19185,82442000
0500000US27121,4235000
0500000US19033,9075000
0500000US19089,73727200
0500000US27045,17640000
0500000US27109,72193000
0500000US27169,15280000
0500000US55011,16868000
0500000US55121,16949500
0500000US55035,50305000
0500000US55017,81445050
0500000US55119,15545500
0500000US19043,55372000
0500000US55093,11810000
0500000US55109,97580500
0500000US55013,21375000
0500000US55129,21775500
0500000US55031,10280000
0500000US48289,14395500
0500000US22049,9851000
0500000US51061,57687000
0500000US22123,11725000
0500000US31031,8355100
0500000US26149,6695000
0500000US51161,5150000
0500000US22003,993550
0500000US22091,59055000
0500000US48073,67202550
0500000US06021,1005000
0500000US12033,41698150
0500000US19083,69834000
0500000US19037,74181050
0500000US19113,68251550
0500000US19105,76911500
0500000US26147,65295500
0500000US42107,5960500
0500000US24033,120936500
0500000US31019,43911650
0500000US46103,5948550
0500000US56033,60100
0500000US46031,525550
0500000US38059,5210050
0500000US38029,4330550
0500000US46115,4445600
0500000US31079,681245050
0500000US42129,536166550
0500000US45029,2065000
0500000US48437,91438150
0500000US45075,14070150
0500000US31161,12365100
0500000US31075,631050
0500000US31091,70000
0500000US46041,215000
0500000US12087,59398600
0500000US49011,220050
0500000US49029,0
0500000US48087,3116550
0500000US26163,160372550
0500000US20021,28320050
0500000US26145,19293000
0500000US31057,2557600
0500000US40147,55676600
0500000US23019,631000
0500000US31163,30571000
0500000US31081,136120000
0500000US31077,55300550
0500000US31011,58100500
0500000US31061,10985000
0500000US31119,82351050
0500000US31139,60709500
0500000US31027,74216000
0500000US31051,65025050
0500000US46035,6030000
0500000US31177,11991000
0500000US30049,52500
0500000US27165,85506000
0500000US31053,7631000
0500000US19093,12170000
0500000US19161,32071500
0500000US19151,48151050
0500000US19109,126255050
0500000US19187,20986550
0500000US19079,72255500
0500000US19197,58358500
0500000US19025,21450500
0500000US19091,8366500
0500000US19121,10708100
0500000US19181,760753050
0500000US19153,90783000
0500000US19099,18350500
0500000US20115,83306050
0500000US19015,91857000
0500000US26115,621848000
0500000US39069,24125000
0500000US39173,192277000
0500000US39143,71280000
0500000US39043,26380000
0500000US39093,110378500
0500000US26125,109537050
0500000US26069,15535500
0500000US26001,12535550
0500000US26049,227900500
0500000US26063,5620500
0500000US25027,853656050
0500000US25021,7775000
0500000US25005,5285000
0500000US33017,8592500
0500000US56005,14420050
0500000US39135,55992000
0500000US51143,2738500
0500000US38105,1120000
0500000US38075,3200000
0500000US46131,50000
0500000US46071,500100
0500000US46037,5265050
0500000US46091,2320100
0500000US08021,50500
0500000US46087,42040500
0500000US31181,112276650
0500000US27137,16110100
0500000US50007,5555500
0500000US42029,20380000
0500000US30021,5110500
0500000US38097,2785000
0500000US19001,15967500
0500000US19123,60272000
0500000US26131,520000
0500000US08095,1210050
0500000US24003,9023000
0500000US26003,510000
0500000US23005,36000
0500000US31069,855150
0500000US49021,50
0500000US48061,12046500
0500000US48081,55050
0500000US56001,360250
0500000US05041,50856050
0500000US56015,11668250
0500000US27013,96791000
0500000US31141,16554050
0500000US48355,106072150
0500000US30085,1185500
0500000US29071,2905000
0500000US31067,199995500
0500000US46081,566000
0500000US45043,12325000
0500000US28047,124479600
0500000US12019,11030500
0500000US56021,51957500
0500000US48077,559122050
0500000US08001,53556450
0500000US48267,50000
0500000US42097,57075000
0500000US08013,565000
0500000US12025,240216350
0500000US26047,105000
0500000US12009,150625800
0500000US12071,50817150
0500000US48453,594541600
0500000US48001,62575000
0500000US22089,1355000
0500000US22055,72695500
0500000US48187,930500
0500000US48287,8321500
0500000US48481,5829600
0500000US48005,44049000
0500000US48041,17317500
0500000US40125,87078100
0500000US13067,259983000
0500000US22111,16501550
0500000US22067,22575500
0500000US05003,82214000
0500000US01067,37730000
0500000US08027,10000
0500000US05133,15593050
0500000US45021,16469000
0500000US48133,3855750
0500000US48499,18910050
0500000US48339,9332150
0500000US05069,10403550
0500000US05131,181345500
0500000US22125,54596000
0500000US28073,66847500
0500000US12113,28246100
0500000US05107,11044000
0500000US51025,6800000
0500000US04019,10933000
0500000US17167,96683500
0500000US17129,65805000
0500000US01113,59144000
0500000US13053,54130500
0500000US13269,15382000
0500000US13079,20240000
0500000US18041,6210000
0500000US39141,10910000
0500000US39073,571000
0500000US40003,4135550
0500000US20121,19330100
0500000US20205,1621050
0500000US20133,76586000
0500000US40037,187354150
0500000US48085,35905000
0500000US20125,79806000
0500000US29009,80675000
0500000US29011,126570700
0500000US05007,36555500
0500000US29145,6115506050
0500000US29119,5330500
0500000US29225,37168100
0500000US29043,185137000
0500000US29183,136792100
0500000US08125,7383100
0500000US13139,59021500
0500000US13195,3840000
0500000US13105,2253000
0500000US29007,6665050
0500000US29005,1290000
0500000US19145,31826000
0500000US19073,7241500
0500000US19173,35730550
0500000US18083,13461000
0500000US18125,66035000
0500000US18037,3364000
0500000US55049,17478000
0500000US55039,92097050
0500000US55133,51716000
0500000US17053,14417000
0500000US18113,631135000
0500000US26077,63462000
0500000US13085,72600000
0500000US05011,63427000
0500000US48301,20000
0500000US48149,6426500
0500000US48351,6777000
0500000US55137,68336500
0500000US29069,118631500
0500000US48321,17836550
0500000US01031,295459000
0500000US01045,95725000
0500000US13091,4638000
0500000US12045,2542500
0500000US42115,745000
0500000US31063,2170050
0500000US48371,58825550
0500000US48033,90000
0500000US48169,101550
0500000US20053,1974000
0500000US55063,22778000
0500000US55043,23970500
0500000US19041,3315550
0500000US19163,71555000
0500000US42033,50300500
0500000US48227,834250
0500000US39081,690000
0500000US48399,6499550
0500000US16023,10050
0500000US48035,7639500
0500000US47071,37161000
0500000US28057,38440000
0500000US48253,8959200
0500000US48193,1390500
0500000US48055,51304000
0500000US48491,156231100
0500000US48331,18644000
0500000US48395,1584000
0500000US48405,12990000
0500000US40023,10206000
0500000US05099,6905500
0500000US05081,8388000
0500000US05057,24295500
0500000US05109,9130000
0500000US40061,22729000
0500000US05143,33087000
0500000US19111,5825150
0500000US19057,9500000
0500000US19115,70132550
0500000US19031,32181550
0500000US05055,41374500
0500000US29019,63651050
0500000US29137,11850550
0500000US29045,12880500
0500000US19011,14975500
0500000US19055,76317550
0500000US19005,6565000
0500000US19061,63236000
0500000US48155,63420000
0500000US48487,68280550
0500000US40117,70721100
0500000US40067,17775050
0500000US40135,48066050
0500000US40107,77827100
0500000US20155,120026600
0500000US40133,29185700
0500000US20099,87015500
0500000US48237,2327000
0500000US40091,8427250
0500000US48147,14355050
0500000US48183,48325500
0500000US21183,11025000
0500000US39061,213950000
0500000US39051,17250000
0500000US39137,49080000
0500000US47131,3375000
0500000US51107,12622000
0500000US48231,29274600
0500000US48185,1590050
0500000US48285,6655000
0500000US48071,6500550
0500000US42035,50160000
0500000US35025,54138150
0500000US08071,563100
0500000US48211,9976600
0500000US31045,1725700
0500000US19131,6716000
0500000US49033,55000
0500000US18111,7370000
0500000US46061,25130050
0500000US30075,1377500
0500000US17093,42990000
0500000US46127,5570600
0500000US29015,9375200
0500000US29029,15080500
0500000US17203,943752500
0500000US48003,746500
0500000US48103,15050
0500000US31167,34840000
0500000US20003,11165550
0500000US17075,81261500
0500000US20011,3975000
0500000US26159,12516000
0500000US26005,34917600
0500000US29217,106610550
0500000US26023,553905000
0500000US18103,7925000
0500000US18007,521206000
0500000US18099,600725050
0500000US18181,521740050
0500000US18039,680441000
0500000US21125,59065050
0500000US21109,1005000
0500000US42085,85160000
0500000US42051,10605500
0500000US42019,62520500
0500000US42031,2840000
0500000US48101,6605150
0500000US48153,57945250
0500000US29117,2210050
0500000US48119,2285000
0500000US48379,9845000
0500000US48145,36000
0500000US13317,2395000
0500000US31105,214100
0500000US16011,3857100
0500000US16081,50
0500000US12121,13144100
0500000US42007,66385500
0500000US42073,6330500
0500000US42003,572166000
0500000US46015,7165150
0500000US31097,12775000
0500000US48043,535050
0500000US26091,549265050
0500000US42105,551000
0500000US31087,5935200
0500000US38101,4841100
0500000US48389,37329050
0500000US20007,1190600
0500000US18073,4646500
0500000US29121,16981500
0500000US29087,527600
0500000US53063,506000
0500000US37081,17035000
0500000US38037,17080050
0500000US31039,26496050
0500000US31173,8566000
0500000US27025,1108000
0500000US46009,1856500
0500000US46135,12070000
0500000US46125,31595500
0500000US55053,8285000
0500000US26075,20150500
0500000US46083,60366000
0500000US55015,20315000
0500000US18183,1180500
0500000US48353,54445150
0500000US37129,1623500
0500000US27163,33346000
0500000US06071,710500
0500000US39049,64007500
0500000US39119,14541000
0500000US51057,9335000
0500000US18109,119296000
0500000US48197,295650
0500000US10003,14115500
0500000US27097,5462000
0500000US48089,52601550
0500000US23027,120000
0500000US30105,931500
0500000US36123,10120000
0500000US25011,2116550
0500000US54049,605000
0500000US24023,9250000
0500000US18063,6815500
0500000US17051,9240500
0500000US28133,105030500
0500000US30011,506500
0500000US46023,12945650
0500000US35061,101000
0500000US18117,6600100
0500000US21217,6270000
0500000US21229,260000
0500000US20097,270938050
0500000US38007,55000
0500000US08069,148520600
0500000US23003,2440500
0500000US51083,4549000
0500000US27009,1607000
0500000US54093,0
0500000US54003,1315050
0500000US25015,1149500
0500000US37151,31807500
0500000US13245,12290000
0500000US13001,8692000
0500000US35041,21446050
0500000US30055,2090000
0500000US22047,7815000
0500000US42113,1475000
0500000US36089,2785000
0500000US12011,295866750
0500000US48497,7562550
0500000US39019,1905000
0500000US48243,10500
0500000US17031,283390500
0500000US18081,154842200
0500000US26057,4970000
0500000US48313,9270000
0500000US48469,1418000
0500000US41067,5055000
0500000US48409,9845550
0500000US13199,50127000
0500000US01015,840095050
0500000US13099,9731050
0500000US01005,8542000
0500000US13239,2061000
0500000US13307,114962000
0500000US13249,40367000
0500000US13259,3420500
0500000US13597,1660000
0500000US13097,62710000
0500000US13015,246932000
0500000US13263,6836500
0500000US01109,9604000
0500000US13273,7975000
0500000US13201,16040500
0500000US13121,596209000
0500000US28069,199720000
0500000US47003,5145000
0500000US39109,8255000
0500000US18093,66062000
0500000US39099,12850000
0500000US18091,54485000
0500000US21151,74030000
0500000US17181,11413000
0500000US47147,18194000
0500000US47165,153660000
0500000US47189,123470000
0500000US47041,5705000
0500000US47073,565000
0500000US18135,103660000
0500000US18145,125180000
0500000US18139,67763000
0500000US18161,10550000
0500000US39029,57390500
0500000US45081,13650000
0500000US29049,1347600
0500000US29025,6675000
0500000US29047,149832100
0500000US37191,143824000
0500000US15001,5026050
0500000US48349,8511200
0500000US48027,13870550
0500000US29133,56955550
0500000US48177,6215500
0500000US47099,37189500
0500000US48203,35561600
0500000US50003,920000
0500000US47059,27575000
0500000US47089,188000
0500000US47063,65000
0500000US48097,65229600
0500000US13175,23373000
0500000US13069,14053000
0500000US13051,10650050
0500000US22011,10830050
0500000US19049,28975050
0500000US05015,985000
0500000US48447,4825850
0500000US48223,8021000
0500000US48159,128545000
0500000US45023,11185000
0500000US06065,22117000
0500000US40113,95910600
0500000US20083,2179100
0500000US28085,573580000
0500000US13305,5377000
0500000US13315,320545000
0500000US55023,1230000
0500000US06047,1125000
0500000US55025,132060550
0500000US55045,20385000
0500000US48483,10271500
0500000US55127,24690000
0500000US46129,1171500
0500000US46107,5270500
0500000US19097,15785000
0500000US46013,11345700
0500000US46045,655500
0500000US27081,1412000
0500000US29017,7918000
0500000US05121,29353000
0500000US29201,76241250
0500000US17001,12875000
0500000US17009,6325000
0500000US29227,3045050
0500000US19159,63805550
0500000US17067,82880050
0500000US47007,22615050
0500000US29129,1261550
0500000US20079,110641150
0500000US27105,59887500
0500000US40047,22387750
0500000US17089,12385000
0500000US17043,33110000
0500000US55069,15033000
0500000US37143,6950000
0500000US19165,13251000
0500000US48307,940500
0500000US48335,2483800
0500000US13275,28090000
0500000US48303,556583350
0500000US48219,55946200
0500000US20037,149400500
0500000US47141,17586000
0500000US47133,31830000
0500000US47149,121373000
0500000US08017,5189100
0500000US48415,265250
0500000US48255,861050
0500000US35009,22497050
0500000US48017,2840700
0500000US48269,55000
0500000US13169,13375000
0500000US13115,98392000
0500000US48189,85967850
0500000US13189,4297000
0500000US48431,100
0500000US48151,770050
0500000US29135,50930050
0500000US17197,215805100
0500000US05051,44161050
0500000US31043,53075000
0500000US05105,5650000
0500000US20043,52215000
0500000US29033,8381100
0500000US29115,6340050
0500000US29197,5135550
0500000US29037,11797650
0500000US26025,6120500
0500000US55105,16304050
0500000US48495,55000
0500000US49047,756500
0500000US31099,12005750
0500000US38009,6770050
0500000US48295,1310100
0500000US20199,407000
0500000US20109,200050
0500000US20183,24276000
0500000US48049,12240000
0500000US20143,111065000
0500000US26031,100500
0500000US48283,1215000
0500000US48057,1025500
0500000US26051,345050
0500000US48009,557288100
0500000US48023,216500
0500000US45079,10525550
0500000US51023,10000
0500000US37117,7627000
0500000US18119,1517500
0500000US04013,74871750
0500000US49039,2015050
0500000US48105,130500
0500000US48011,27535200
0500000US48129,87953150
0500000US20025,100050
0500000US27111,22348550
0500000US48107,4664900
0500000US48369,65155150
0500000US48421,2450150
0500000US26029,6000
0500000US08009,5936000
0500000US28119,65939000
0500000US28107,67411000
0500000US45007,12385000
0500000US56031,1230100
0500000US27119,60578000
0500000US27027,3871100
0500000US20201,107095550
0500000US46017,50100500
0500000US29153,59127150
0500000US30111,5175000
0500000US30103,305000
0500000US30079,125000
0500000US27083,26525000
0500000US31093,68802500
0500000US18069,107625000
0500000US08087,1951250
0500000US31143,124000500
0500000US31013,9781050
0500000US08003,63650
0500000US31017,7262550
0500000US25003,111100500
0500000US20069,6268000
0500000US56009,305150
0500000US08023,10000
0500000US55077,7619100
0500000US38055,2460550
0500000US38003,8135500
0500000US48367,13226600
0500000US26015,8396600
0500000US45051,35876550
0500000US38045,4570550
0500000US45033,19435000
0500000US10005,1240000
0500000US26113,1015500
0500000US26039,826000
0500000US17039,27875000
0500000US13255,41617000
0500000US16065,100550
0500000US46051,560000
0500000US17171,2875000
0500000US17137,14477000
0500000US36097,12285000
0500000US27095,4970000
0500000US27065,2860000
0500000US27071,2575050
0500000US46019,630550
0500000US48215,11015550
0500000US31009,10595000
0500000US29167,73735550
0500000US17173,20605500
0500000US18179,58380500
0500000US50027,155000
0500000US33019,255000
0500000US09009,559420050
0500000US25017,9792000
0500000US05013,13874000
0500000US12081,8974650
0500000US05141,269240000
0500000US05087,5325500
0500000US05023,121440000
0500000US17021,3770500
0500000US18173,110340000
0500000US18163,111105500
0500000US39037,62184000
0500000US17017,3435000
0500000US17099,972040550
0500000US17063,98205050
0500000US45069,112100000
0500000US13243,8307050
0500000US22077,7490000
0500000US48245,91967150
0500000US05135,187373000
0500000US05029,217476000
0500000US47049,13505000
0500000US28155,23935500
0500000US13295,34605500
0500000US13047,39045000
0500000US29057,5840000
0500000US40021,10970050
0500000US17027,70840000
0500000US17159,11445000
0500000US17101,6655000
0500000US18011,93025000
0500000US18071,67285500
0500000US18027,20540000
0500000US39057,572399000
0500000US18155,55630000
0500000US26139,32295050
0500000US18015,15812000
0500000US29157,75836000
0500000US18017,522550500
0500000US18053,549205550
0500000US18175,597535500
0500000US39131,858000
0500000US54041,1005000
0500000US13093,18990050
0500000US37199,510000
0500000US01061,5785500
0500000US01069,20571000
0500000US13261,123617500
0500000US48249,8277050
0500000US48099,1819000
0500000US20207,20200000
0500000US40115,36686050
0500000US05017,12734500
0500000US55139,31946000
0500000US28083,227348500
0500000US28161,67705000
0500000US28013,46025000
0500000US21233,36604000
0500000US21101,21690000
0500000US17147,12660000
0500000US26081,92825000
0500000US26117,20757000
0500000US17139,2370000
0500000US17041,16141000
0500000US21225,8594000
0500000US26101,1640000
0500000US26019,1680500
0500000US26055,2675000
0500000US26089,2195000
0500000US18085,540936000
0500000US18087,107380000
0500000US18177,7635500
0500000US22041,10790000
0500000US45001,64953000
0500000US37071,18456000
0500000US37119,18790500
0500000US37105,178665000
0500000US37085,151710000
0500000US13127,1876500
0500000US06073,2007100
0500000US48139,435015100
0500000US13223,19820000
0500000US13057,285447500
0500000US13117,1776000
0500000US17073,34740000
0500000US31095,177680000
0500000US29021,7780550
0500000US21107,59874000
0500000US48281,490500
0500000US01039,19010500
0500000US45049,1135500
0500000US48433,215050
0500000US26021,11655550
0500000US53005,20000
0500000US31001,84358100
0500000US26073,1715000
0500000US31055,22390050
0500000US26121,155000
0500000US17085,1050500
0500000US29175,9900500
0500000US40105,4553050
0500000US13279,6805050
0500000US35049,727550
0500000US48263,710000
0500000US48079,50457000
0500000US19029,11807500
0500000US31035,141790600
0500000US25013,232871500
0500000US23031,6290000
0500000US16059,505050
0500000US16047,110050
0500000US13185,9085000
0500000US31103,315500
0500000US38057,1990000
0500000US17149,6935050
0500000US31115,6620000
0500000US39165,167100000
0500000US33011,2665500
0500000US46079,11800050
0500000US46101,532000
0500000US27133,1075000
0500000US31137,14806000
0500000US55029,11320000
0500000US38085,45000
0500000US31007,5970600
0500000US48381,20730150
0500000US39007,15450000
0500000US35019,5600
0500000US33007,560000
0500000US16001,100100
0500000US04003,210050
0500000US34007,1840000
0500000US22033,28652000
0500000US21015,12465500
0500000US18137,524095000
0500000US21011,1160000
0500000US21067,58830000
0500000US21017,485000
0500000US21173,1090000
0500000US27067,9835100
0500000US27155,5055000
0500000US21191,60670000
0500000US21023,57420050
0500000US08011,1516000
0500000US51087,7140050
0500000US51041,68403500
0500000US48411,421500
0500000US28109,6281550
0500000US48439,256377150
0500000US46099,69980100
0500000US39155,525760000
0500000US46113,4780050
0500000US46007,1810150
0500000US13141,10293000
0500000US19157,23212000
0500000US42091,62400000
0500000US17033,2295000
0500000US12085,5133550
0500000US38081,1610000
0500000US27107,55462000
0500000US17103,25516000
0500000US31133,1180000
0500000US13031,7240000
0500000US34003,11580000
0500000US48505,10235000
0500000US23011,730000
0500000US12123,1881050
0500000US45013,3675500
0500000US13043,870050
0500000US48507,75000
0500000US48311,50000
0500000US48297,835600
0500000US22045,10396000
0500000US20179,13850050
0500000US31071,6907000
0500000US31183,1089000
0500000US31003,71512500
0500000US31111,13214900
0500000US31113,2605050
0500000US31171,5631000
0500000US31149,7240000
0500000US31073,1745000
0500000US27011,1550000
0500000US29195,6930050
0500000US01099,9598000
0500000US01035,9548000
0500000US01013,5272550
0500000US01085,3691500
0500000US01101,35527000
0500000US01051,210305000
0500000US13285,13487000
0500000US13231,25345000
0500000US15003,2220000
0500000US21141,25902050
0500000US47031,9372000
0500000US37097,7100000
0500000US28097,9853000
0500000US17169,12715050
0500000US18153,1226000
0500000US17097,33370000
0500000US48167,85217950
0500000US48051,24095000
0500000US22095,105095500
0500000US48277,80560650
0500000US40077,31470000
0500000US48257,102460000
0500000US17003,2021600
0500000US17153,19290000
0500000US21227,24245000
0500000US47109,72444000
0500000US13319,12145000
0500000US13301,3335000
0500000US13073,11570000
0500000US45063,60695500
0500000US45071,83820000
0500000US13075,19375000
0500000US13299,8808000
0500000US51195,75000
0500000US18075,52640000
0500000US18065,106761050
0500000US37139,12420000
0500000US37029,3180000
0500000US37197,10265000
0500000US45057,56393500
0500000US47035,20920000
0500000US01133,76089500
0500000US01079,1430878050
0500000US01095,256642500
0500000US13129,153100000
0500000US45087,9190000
0500000US13155,1605000
0500000US13271,1770000
0500000US47179,25915000
0500000US45025,52945000
0500000US37165,20300500
0500000US37155,26828000
0500000US37051,246280000
0500000US37163,146990500
0500000US51710,40160050
0500000US37061,74960000
0500000US41005,155000
0500000US41021,5000
0500000US41049,26000
0500000US17133,4832050
0500000US46123,5395550
0500000US19191,12847000
0500000US55057,19705100
0500000US55101,11597000
0500000US55081,16575000
0500000US48217,27730000
0500000US48445,665150
0500000US48165,805750
0500000US48191,57542350
0500000US48135,1827200
0500000US48345,5315550
0500000US18005,118320000
0500000US48161,9600
0500000US29123,3340000
0500000US19003,65241000
0500000US26151,6652050
0500000US36029,8243000
0500000US48383,285100
0500000US48459,12315050
0500000US48489,232000
0500000US04001,0
0500000US53077,5000
0500000US28035,68736500
0500000US53043,840050
0500000US35045,55000
0500000US19087,4890000
0500000US12051,5559100
0500000US29149,19816050
0500000US31153,11195000
0500000US27039,795000
0500000US39169,59091000
0500000US48045,101620850
0500000US48501,161050
0500000US48393,6505100
0500000US06019,5456050
0500000US29063,4215000
0500000US27153,7505000
0500000US27021,34808000
0500000US29065,2975500
0500000US29213,25666000
0500000US29067,15541000
0500000US29223,7195000
0500000US29179,1790050
0500000US29221,126350000
0500000US29035,71562000
0500000US29111,7985000
0500000US17109,13880000
0500000US21041,12507000
0500000US45019,8909650
0500000US48449,129056500
0500000US05043,48871050
0500000US48117,1430100
0500000US48305,1065750
0500000US48317,1078200
0500000US48221,151214550
0500000US51039,5000
0500000US51111,690000
0500000US35057,600
0500000US35027,117600
0500000US19027,13313000
0500000US35001,2045100
0500000US46105,2021000
0500000US16083,55050
0500000US38073,6405500
0500000US29003,8462650
0500000US12001,19443500
0500000US12083,85357500
0500000US12107,14230050
0500000US46063,90500
0500000US39091,1190000
0500000US39083,2685000
0500000US18169,3858000
0500000US13267,9285000
0500000US26119,2040000
0500000US55037,315000
0500000US19021,21990000
0500000US19147,13175100
0500000US50011,1245000
0500000US38021,1165550
0500000US26027,13731000
0500000US26017,5910000
0500000US28153,74237000
0500000US01131,3885000
0500000US01041,9307000
0500000US54083,570500
0500000US20071,385050
0500000US45067,10680000
0500000US08103,45000
0500000US31101,3602300
0500000US55005,28675000
0500000US26141,610000
0500000US39171,55754000
0500000US50025,585000
0500000US30045,1155500
0500000US55009,29080100
0500000US55071,13395000
0500000US38039,7116550
0500000US19053,113941000
0500000US29125,5680500
0500000US49041,55500
0500000US04005,1702100
0500000US42109,6205000
0500000US55123,11315000
0500000US35017,1005000
0500000US48473,2705550
0500000US48291,614134550
0500000US22121,14130050
0500000US35043,500150
0500000US22023,16615150
0500000US28051,392402000
0500000US01117,83196500
0500000US13037,8120000
0500000US22103,16911500
0500000US12039,7966000
0500000US01075,45726000
0500000US47125,86235500
0500000US28023,69232500
0500000US01063,2579498000
0500000US01065,111183000
0500000US28147,5854000
0500000US21169,14290000
0500000US13055,7655000
0500000US01029,63780000
0500000US13213,16565000
0500000US42075,31960000
0500000US34041,500000
0500000US13005,9650000
0500000US17199,579451000
0500000US17055,32152000
0500000US17191,27319000
0500000US17025,4000000
0500000US17079,2065000
0500000US17065,17037000
0500000US17193,12905000
0500000US17047,12563000
0500000US17087,11030000
0500000US05103,18271000
0500000US17165,15935550
0500000US12101,22690000
0500000US06015,58000
0500000US48467,51889500
0500000US13023,2210500
0500000US12027,3016050
0500000US06045,5000
0500000US28059,5958650
0500000US28111,58485000
0500000US28041,26517000
0500000US01053,8708000
0500000US01087,7259000
0500000US06039,5145500
0500000US12091,82658000
0500000US06023,5000
0500000US06081,850050
0500000US06059,22392000
0500000US05129,3110000
0500000US19167,21320500
0500000US18127,53381550
0500000US01083,1448327000
0500000US01071,46787000
0500000US13303,6633000
0500000US45047,31530000
0500000US45017,4621500
0500000US45027,8484000
0500000US21033,8508000
0500000US53071,55150
0500000US01055,448860050
0500000US48325,24998000
0500000US21145,1998000
0500000US17045,1240100
0500000US24047,510000
0500000US45035,12252500
0500000US08075,3950150
0500000US35051,5100
0500000US55075,11540000
0500000US39129,13591000
0500000US06093,0
0500000US27043,2567000
0500000US38005,1650500
0500000US55065,14063000
0500000US17013,770050
0500000US06097,1919000
0500000US56003,1705000
0500000US30013,2135050
0500000US55113,1055000
0500000US19179,62435050
0500000US19177,10640500
0500000US29089,1585100
0500000US21007,2150000
0500000US39021,980000
0500000US34021,8135000
0500000US18105,108421000
0500000US34029,20020000
0500000US29107,7936400
0500000US27127,25716050
0500000US48397,55375100
0500000US38079,3278050
0500000US13013,725050
0500000US26059,607221050
0500000US16003,160000
0500000US12061,2722050
0500000US23007,600000
0500000US29061,9565050
0500000US08061,7382150
0500000US56011,1276200
0500000US17185,64829000
0500000US39071,9885000
0500000US21037,3600000
0500000US17029,21754000
0500000US42101,7070000
0500000US55051,1185050
0500000US48359,527100
0500000US26009,1069550
0500000US38091,2157150
0500000US56007,600250
0500000US08055,565000
0500000US39089,61835000
0500000US08099,8080550
0500000US18101,18420000
0500000US37057,36350500
0500000US18149,61181000
0500000US55079,17255000
0500000US23015,500500
0500000US26071,89050
0500000US36077,7200000
0500000US39041,12698000
0500000US17037,22330000
0500000US13131,26802000
0500000US17201,11845000
0500000US09015,5510500
0500000US25023,2123550
0500000US36103,2120050
0500000US29039,112207550
0500000US05123,65626550
0500000US29510,73285000
0500000US29081,18518050
0500000US17177,6731000
0500000US17007,58360000
0500000US17111,51410000
0500000US18129,7335000
0500000US29171,631500
0500000US29059,68820000
0500000US29079,1250000
0500000US29211,1725400
0500000US13081,8740000
0500000US21085,64180500
0500000US37171,2645000
0500000US13173,5925000
0500000US18019,1099530000
0500000US13227,180835000
0500000US48373,23366550
0500000US29199,11251050
0500000US05049,5767000
0500000US17049,5240100
0500000US48403,2423050
0500000US13235,1810000
0500000US54081,11605500
0500000US51091,5000
0500000US48019,105150
0500000US48463,1615000
0500000US55067,21931050
0500000US31125,6918000
0500000US19009,268000
0500000US55087,55968500
0500000US51085,4494000
0500000US35015,6766100
0500000US19107,63966000
0500000US19101,56240000
0500000US19077,22625500
0500000US19069,71963000
0500000US39123,153775500
0500000US39103,13099000
0500000US01007,103805500
0500000US48239,1846500
0500000US48273,4060050
0500000US46059,20825000
0500000US19071,14985150
0500000US27099,62521500
0500000US13191,12580550
0500000US55111,8998000
0500000US48461,56650
0500000US35035,610000
0500000US38019,5031000
0500000US27029,57435050
0500000US17069,50050
0500000US36013,37116000
0500000US22113,17748000
0500000US46077,10382000
0500000US30019,10000
0500000US27131,46145000
0500000US12079,55526500
0500000US36045,5559000
0500000US12093,77777500
0500000US19067,68028000
0500000US51740,36685000
0500000US51037,6650000
0500000US51077,160000
0500000US17141,29160000
0500000US36035,940000
0500000US48341,57526300
0500000US24025,12129000
0500000US35013,555500
0500000US30001,5105550
0500000US04027,570050
0500000US51029,110000
0500000US17161,22027000
0500000US33005,3670000
0500000US23021,55000
0500000US38083,2265000
0500000US29229,11725550
0500000US17187,55162500
0500000US17175,11145000
0500000US29041,18630550
0500000US29027,3030500
0500000US29151,7120500
0500000US51079,4663000
0500000US51003,12556500
0500000US51065,885000
0500000US39055,7015000
0500000US51800,32764000
0500000US26133,6633000
0500000US48265,740000
0500000US22057,31755500
0500000US17035,12410000
0500000US51093,1209000
0500000US51179,10761500
0500000US41047,1325000
0500000US29207,19812050
0500000US12131,10656550
0500000US45059,59307000
0500000US37157,41355000
0500000US13087,20865000
0500000US40059,1797550
0500000US05097,1295000
0500000US19075,123037500
0500000US19013,177964500
0500000US39039,39340500
0500000US48095,271000
0500000US40145,67665100
0500000US05079,52841000
0500000US29001,7281000
0500000US17057,118604000
0500000US17143,143550000
0500000US51113,890000
0500000US46121,1125600
0500000US29109,124790050
0500000US29101,9237500
0500000US39113,7805000
0500000US36051,550000
0500000US31015,2100000
0500000US19059,22207500
0500000US26067,6200000
0500000US48475,5395050
0500000US12097,205582600
0500000US22039,9615000
0500000US56037,81050
0500000US04017,15000
0500000US27055,5455050
0500000US39147,47330500
0500000US30031,5000
0500000US50015,200000
0500000US36093,50050000
0500000US36091,126040000
0500000US33001,3677000
0500000US48123,226050
0500000US35007,3525000
0500000US46085,625200
0500000US46043,2675000
0500000US36065,52452000
0500000US30015,5697500
0500000US12021,11973550
0500000US18047,55095000
0500000US42079,5230000
0500000US34033,1530000
0500000US34015,11810000
0500000US31085,315500
0500000US38025,301000
0500000US51139,850000
0500000US38087,155100
0500000US38099,723050
0500000US39101,2420000
0500000US46117,140100
0500000US04021,7515000
0500000US36075,1890050
0500000US37017,84687550
0500000US29105,31900000
0500000US34035,5140000
0500000US28065,13119000
0500000US01091,46113000
0500000US22117,3305000
0500000US13009,7220000
0500000US45003,7605050
0500000US54019,6605000
0500000US29131,8080550
0500000US17083,12665000
0500000US39015,31960500
0500000US39001,12335000
0500000US18143,1094245000
0500000US28011,24366500
0500000US13297,58605000
0500000US13111,11117000
0500000US05047,46446000
0500000US05009,17820500
0500000US29209,27030000
0500000US05089,87945000
0500000US05101,4135000
0500000US28005,3765000
0500000US12047,676500
0500000US13049,226000
0500000US12089,3188700
0500000US48479,200050
0500000US45031,16749000
0500000US13017,2815000
0500000US42041,2270500
0500000US19007,20557500
0500000US19051,63545000
0500000US20107,2650550
0500000US54069,20000
0500000US39027,24767000
0500000US48315,7010500
0500000US48125,163850
0500000US49015,55000
0500000US49019,6000
0500000US48387,191163000
0500000US40001,2032000
0500000US29099,15420000
0500000US18151,123690500
0500000US21105,1017500
0500000US21083,15066000
0500000US48417,815000
0500000US29165,36415100
0500000US39031,56185000
0500000US36105,57405000
0500000US17095,98705500
0500000US19017,18076000
0500000US27161,166200000
0500000US36009,22570050
0500000US48083,10325000
0500000US13135,98705000
0500000US23029,620000
0500000US16039,50000
0500000US16025,50000
0500000US48111,810650
0500000US39033,6400500
0500000US21001,11096050
0500000US21065,6680000
0500000US21129,6365000
0500000US18051,120400500
0500000US23017,123500
0500000US48053,8181050
0500000US35023,5000
0500000US46033,116550
0500000US51175,737000
0500000US46089,8675100
0500000US27041,7355000
0500000US51069,1462000
0500000US12049,1618050
0500000US45091,7776500
0500000US13257,6276500
0500000US50021,5000
0500000US18133,9197000
0500000US24043,1845000
0500000US39149,9372500
0500000US16077,996000
0500000US26007,846500
0500000US19189,18640000
0500000US55003,600550
0500000US45077,7910050
0500000US37107,160624000
0500000US39139,21315000
0500000US36109,2285000
0500000US27077,215000
0500000US17195,11250000
0500000US23025,1160500
0500000US55117,8800000
0500000US01105,91873000
0500000US13233,35565500
0500000US01037,10214000
0500000US01119,46873500
0500000US13143,25960000
0500000US45065,6629000
0500000US45061,216000
0500000US45089,2400000
0500000US28139,33341000
0500000US54025,7210000
0500000US48063,1020500
0500000US37079,107846000
0500000US28143,8045000
0500000US28033,51230500
0500000US26065,42126500
0500000US19175,70978550
0500000US16069,50000
0500000US51075,2065000
0500000US51145,1110500
0500000US46097,7259000
0500000US30077,500000
0500000US35021,115000
0500000US41035,55000
0500000US50019,645000
0500000US27147,111815000
0500000US19103,46060000
0500000US39133,518000000
0500000US29185,56323000
0500000US48195,12646550
0500000US56025,695300
0500000US48171,2545500
0500000US19125,10010000
0500000US51001,1097500
0500000US48025,2965550
0500000US29163,3485050
0500000US46137,1420100
0500000US56013,1253000
0500000US30083,165500
0500000US24045,1023500
0500000US30041,505500
0500000US38051,1310000
0500000US21075,1900000
0500000US49003,25650
0500000US32007,602500
0500000US30017,555000
0500000US39023,543717000
0500000US48329,1125200
0500000US45085,9109500
0500000US16029,0
0500000US30069,5000
0500000US51109,1796000
0500000US51177,1720000
0500000US48299,610000
0500000US35047,155050
0500000US36007,7812500
0500000US48229,50000
0500000US18057,186862500
0500000US53033,1055000
0500000US28113,63350000
0500000US13077,70543000
0500000US47119,25485000
0500000US47187,71630000
0500000US13293,10976000
0500000US13025,600000
0500000US13061,7431000
0500000US13161,620000
0500000US13209,1325000
0500000US01019,466174000
0500000US47181,29476000
0500000US28019,438875000
0500000US47115,4495000
0500000US47029,6710000
0500000US05073,1830050
0500000US17059,10915050
0500000US47011,130580000
0500000US13027,15735000
0500000US39065,1105000
0500000US21199,79572500
0500000US39153,47612000
0500000US18079,53435000
0500000US21239,1633000
0500000US18165,2135050
0500000US01001,24930050
0500000US47033,9070000
0500000US18055,7635000
0500000US21047,63000050
0500000US21061,57060000
0500000US12133,8340500
0500000US37167,14735000
0500000US37031,17786000
0500000US30099,0
0500000US46065,5655050
0500000US46069,100000
0500000US36067,9596000
0500000US48429,6275100
0500000US48131,1165500
0500000US38031,605050
0500000US21035,24862000
0500000US33009,805000
0500000US33003,8647000
0500000US24013,11085000
0500000US55059,22462000
0500000US54035,555000
0500000US26165,1378000
0500000US27123,328375000
0500000US42047,9425000
0500000US36063,155000
0500000US39159,10594050
0500000US39045,3283000
0500000US55041,5880000
0500000US13165,1685000
0500000US13033,15350000
0500000US37137,13302000
0500000US27129,19481000
0500000US27093,1155000
0500000US48391,255000
0500000US48175,510500
0500000US12015,16707500
0500000US05021,16567000
0500000US21093,14690000
0500000US12055,11516050
0500000US47167,20532050
0500000US21161,10725050
0500000US48199,3642500
0500000US21073,10500500
0500000US21111,110965000
0500000US21185,10925000
0500000US21103,15190000
0500000US42037,695500
0500000US10001,12240000
0500000US13003,2129000
0500000US48465,18111100
0500000US32031,5000
0500000US12129,2755500
0500000US18013,23840000
0500000US01115,525683000
0500000US55125,54345000
0500000US46021,1270000
0500000US38047,1725000
0500000US19065,74423050
0500000US55141,59125050
0500000US19143,21061000
0500000US26099,100331050
0500000US55001,18338100
0500000US27019,171172050
0500000US32001,0
0500000US32033,55000
0500000US48271,6000050
0500000US48413,900000
0500000US32003,2080000
0500000US27159,14482500
0500000US55115,27741000
0500000US39175,8280000
0500000US21097,1140500
0500000US21181,120000
0500000US21069,1715000
0500000US05005,75570050
0500000US16033,63000
0500000US19039,6060000
0500000US19135,55554000
0500000US56029,155500
0500000US08005,12290300
0500000US55131,65166000
0500000US51089,105655000
0500000US37033,3907000
0500000US37145,2345000
0500000US30027,4259000
0500000US48235,5550
0500000US47153,22495000
0500000US55089,5451000
0500000US27157,1040000
0500000US37153,1175000
0500000US45055,50590550
0500000US27089,740000
0500000US27005,6545200
0500000US27007,655500
0500000US37187,2035000
0500000US37177,3805000
0500000US06031,795500
0500000US13151,105191000
0500000US13217,10970500
0500000US54077,10890500
0500000US37043,75500
0500000US49035,171527050
0500000US05095,13618000
0500000US05035,70585000
0500000US47185,20250000
0500000US47129,8240000
0500000US47105,2500000
0500000US37049,14067000
0500000US13133,63630000
0500000US06087,345000
0500000US21019,6000000
0500000US54099,2616000
0500000US39145,22760000
0500000US54089,55000
0500000US37011,55000
0500000US19045,78040000
0500000US55055,59208000
0500000US18009,52945000
0500000US39107,30935000
0500000US26157,5311000
0500000US39095,80325000
0500000US39117,74695550
0500000US39127,8190000
0500000US39067,1730000
0500000US54055,190000
0500000US19183,73640000
0500000US17123,14496000
0500000US45005,6165000
0500000US37159,4450000
0500000US46011,55860500
0500000US27002,56790000
0500000US46119,156500
0500000US46027,5365000
0500000US48377,0
0500000US48493,1628000
0500000US45053,510000
0500000US46093,7162150
0500000US27173,74110000
0500000US31083,1685100
0500000US21213,20102000
0500000US38095,2430000
0500000US27037,24505500
0500000US48261,0
0500000US48319,7075000
0500000US50001,55000
0500000US08059,5000150
0500000US12067,5822050
0500000US35033,0
0500000US38049,870000
0500000US49045,505000
0500000US06025,5000100
0500000US36121,1600000
0500000US49049,117050
0500000US21117,31265500
0500000US30003,1050500
0500000US38071,2210600
0500000US51035,945000
0500000US24035,5856000
0500000US48443,605000
0500000US51137,6545000
0500000US30097,50
0500000US54037,770000
0500000US48013,740500
0500000US37037,179260500
0500000US18077,635670000
0500000US53041,61000
0500000US41009,100000
0500000US53015,282000
0500000US17155,22675000
0500000US39097,13315000
0500000US39047,12635000
0500000US39151,56370000
0500000US18031,59070000
0500000US21005,12220000
0500000US21135,7135000
0500000US13221,5610050
0500000US51081,1545000
0500000US51780,500
0500000US13229,6895000
0500000US22107,17548550
0500000US53013,105000
0500000US08031,65265050
0500000US48323,88520000
0500000US26107,7535050
0500000US46003,405000
0500000US55083,22157000
0500000US27117,11145000
0500000US27087,56765050
0500000US27035,29190000
0500000US12117,53990100
0500000US47169,155966000
0500000US38011,830550
0500000US38001,125000
0500000US27135,21740500
0500000US04007,95000
0500000US26105,5040000
0500000US42081,62354000
0500000US41045,600000
0500000US29051,6100100
0500000US41007,108500
0500000US37185,1095000
0500000US51135,2240000
0500000US51159,9550000
0500000US17071,58670150
0500000US24037,7420500
0500000US48457,7832500
0500000US13063,521735000
0500000US13159,475000
0500000US21147,3350000
0500000US21235,825000
0500000US39105,2590000
0500000US54067,576000
0500000US48333,260000
0500000US29103,2660050
0500000US15009,5000
0500000US28039,2925000
0500000US05039,11190050
0500000US54091,100050
0500000US21113,565000
0500000US13311,105390000
0500000US32017,500000
0500000US06077,251050
0500000US46047,2095700
0500000US19117,54080550
0500000US27073,240000
0500000US27017,220000
0500000US19085,14695000
0500000US28137,29735500
0500000US13251,503339000
0500000US26127,1170000
0500000US33013,3137500
0500000US27049,25655000
0500000US38067,1885000
0500000US27141,6115500
0500000US27125,6152000
0500000US24041,151000
0500000US24015,5925500
0500000US42059,710000
0500000US48091,1200000
0500000US48007,842000
0500000US42099,757500
0500000US29085,117040000
0500000US51810,9717000
0500000US48241,11679550
0500000US12059,3335500
0500000US21051,5660000
0500000US21055,25503000
0500000US15007,560000
0500000US29073,50650500
0500000US29181,10635000
0500000US12075,59860550
0500000US37109,57360000
0500000US21221,18644000
0500000US18033,52985000
0500000US21089,10090000
0500000US39087,17995000
0500000US39053,26380000
0500000US29023,65526000
0500000US12065,320050
0500000US29053,1505050
0500000US41063,50155000
0500000US13219,54125000
0500000US27023,5405000
0500000US27101,198395000
0500000US29203,12850000
0500000US39059,6790000
0500000US27115,403550
0500000US55007,1570500
0500000US12017,17617050
0500000US08119,25050
0500000US26143,1015500
0500000US25001,65000
0500000US36079,50625000
0500000US49057,3300000
0500000US27113,5100500
0500000US26041,5758000
0500000US42065,2831000
0500000US26013,0
0500000US13287,326545000
0500000US16067,505000
0500000US12119,128924500
0500000US28077,574241500
0500000US13059,52435000
0500000US48163,5240000
0500000US28157,2436000
0500000US28135,80630000
0500000US47161,910000
0500000US39121,1580000
0500000US01011,4627000
0500000US13253,19230000
0500000US13183,47580000
0500000US54039,315000
0500000US37007,5575000
0500000US48327,60000
0500000US48031,50918000
0500000US21179,4525000
0500000US21099,5615000
0500000US39111,550000
0500000US21029,102115500
0500000US13035,17848000
0500000US49055,50050
0500000US36011,7350000
0500000US56023,50000
0500000US51550,14660000
0500000US36003,6660000
0500000US51131,388050
0500000US01129,9710500
0500000US55061,1690000
0500000US39085,730000
0500000US24001,6047000
0500000US51149,58583000
0500000US46095,600000
0500000US26137,836000
0500000US36049,398000
0500000US36071,65270000
0500000US27057,12720050
0500000US39075,7980000
0500000US38013,2525050
0500000US27075,2620000
0500000US23013,50000
0500000US54079,161000
0500000US51133,455500
0500000US12077,2340050
0500000US01017,183730000
0500000US13123,8373500
0500000US13147,1185000
0500000US46039,125500
0500000US54053,88000
0500000US21139,1475000
0500000US21143,11120000
0500000US01111,13240000
0500000US47021,15562000
0500000US41065,0
0500000US19155,170680550
0500000US54071,10000
0500000US39005,9120000
0500000US17023,460050
0500000US36043,7080000
0500000US51730,106430000
0500000US06007,10790500
0500000US12041,5090000
0500000US12035,6170000
0500000US51187,575000
0500000US12043,1930000
0500000US42123,4797000
0500000US13163,12647050
0500000US54033,6030050
0500000US42021,6985500
0500000US42117,5075000
0500000US08083,100000
0500000US21071,70000
0500000US36059,1680000
0500000US34001,2040000
0500000US05077,6956000
0500000US53061,110000
0500000US12007,4355500
0500000US22065,70889000
0500000US28009,23331000
0500000US48127,105000
0500000US21149,2383000
0500000US21031,12305000
0500000US18061,509496000
0500000US21087,12460050
0500000US21207,9180000
0500000US30039,0
0500000US18025,514315000
0500000US21021,8090000
0500000US41071,5010000
0500000US27063,7787050
0500000US56019,41050
0500000US46075,50550
0500000US30071,1975000
0500000US30091,2305500
0500000US46073,6185000
0500000US38027,70000
0500000US29219,8421000
0500000US47079,20020000
0500000US39167,2690000
0500000US23001,6010000
0500000US35029,550
0500000US36119,11790000
0500000US53075,50050
0500000US28037,7235000
0500000US41051,550500
0500000US53011,58430000
0500000US53025,52000
0500000US53065,640000
0500000US13211,14155500
0500000US17151,32865000
0500000US21167,29235000
0500000US47009,6415000
0500000US26033,556000
0500000US48407,6405000
0500000US48141,6000000
0500000US36115,1110000
0500000US36101,2647000
0500000US04015,1145050
0500000US50017,225000
0500000US39077,28481000
0500000US44001,45000
0500000US26109,7650000
0500000US21175,90665000
0500000US54043,2490000
0500000US06017,1000000
0500000US06043,0
0500000US06061,505050
0500000US13103,12985000
0500000US17127,29025050
0500000US34019,5506500
0500000US13247,509521000
0500000US24017,136232000
0500000US29173,590500
0500000US16057,55000
0500000US42125,1365000
0500000US47057,515000
0500000US47111,47702050
0500000US37125,185220000
0500000US37041,12370500
0500000US21155,945000
0500000US18021,1406000
0500000US37045,61592000
0500000US37005,740000
0500000US13241,9060000
0500000US37161,865000
0500000US45073,8087500
0500000US37027,2575000
0500000US13149,24138000
0500000US37193,3085000
0500000US37067,120155050
0500000US37131,513805000
0500000US37091,75010500
0500000US51123,5000
0500000US37101,151193000
0500000US12003,690500
0500000US24005,63267000
0500000US18043,5855000
0500000US21137,8710500
0500000US42095,50945000
0500000US42045,6075000
0500000US34013,50000
0500000US36001,55810000
0500000US38069,1745050
0500000US26103,80000
0500000US36041,505000
0500000US36083,71325000
0500000US36021,51359000
0500000US41037,0
0500000US21223,5770000
0500000US47139,110980000
0500000US45039,67271050
0500000US45037,10240000
0500000US13109,65000
0500000US21063,515000
0500000US47043,8175000
0500000US37039,56400000
0500000US37023,16611000
0500000US21027,40515000
0500000US21163,42062000
0500000US18115,50520000
0500000US18029,56565000
0500000US47065,154715000
0500000US37175,600000
0500000US21215,106313000
0500000US21009,36340000
0500000US47123,8815000
0500000US21187,640000
0500000US39125,36670000
0500000US21045,6985000
0500000US21057,15076000
0500000US21053,13062050
0500000US21231,69160000
0500000US21201,185000
0500000US37075,2555000
0500000US37173,3055000
0500000US47137,20210000
0500000US21079,9375000
0500000US21049,8370050
0500000US13187,87125000
0500000US47015,3450000
0500000US21203,12800000
0500000US47087,5295000
0500000US47151,1405000
0500000US47173,505000
0500000US51051,505000
0500000US51027,500000
0500000US51105,1800500
0500000US51520,5000
0500000US47163,5560000
0500000US54047,5050000
0500000US54109,5045000
0500000US51173,10080000
0500000US54001,70000
0500000US51770,5350000
0500000US08037,50000
0500000US26129,13830550
0500000US29055,2201500
0500000US26043,7068500
0500000US08057,0
0500000US13167,26170000
0500000US36039,56380000
0500000US42121,75330000
0500000US26079,2395000
0500000US42055,735000
0500000US08101,140050
0500000US37099,550500
0500000US37001,8735000
0500000US51053,58598000
0500000US51036,50000
0500000US37093,146520500
0500000US51033,512000
0500000US34011,51615000
0500000US51073,10935000
0500000US51115,11252000
0500000US13309,6515000
0500000US42027,51865000
0500000US51163,6000
0500000US30033,5000
0500000US56043,75000
0500000US54021,50000
0500000US08097,50000
0500000US30081,60500
0500000US24027,109465000
0500000US26153,110000
0500000US37135,3310000
0500000US51183,7292000
0500000US51101,6132500
0500000US51193,9590000
0500000US56035,1050
0500000US51043,653000
0500000US29127,1665000
0500000US27061,165000
0500000US51103,6092000
0500000US41001,0
0500000US36111,6025000
0500000US37089,555000
0500000US41057,6040000
0500000US37063,56025500
0500000US13283,1845000
0500000US37113,505000
0500000US37087,505000
0500000US37021,1825000
0500000US13039,7956000
0500000US26035,340000
0500000US13137,73582000
0500000US51009,10000
0500000US38063,905000
0500000US27069,6800000
0500000US34017,500000
0500000US54063,1000000
0500000US51119,6872000
0500000US21081,26150000
0500000US51590,835000
0500000US06083,61000
0500000US21219,49855000
0500000US31005,590500
0500000US30051,550000
0500000US30035,550000
0500000US37115,1075000
0500000US26011,645000
0500000US31117,203000
0500000US51049,95000
0500000US23009,50000
0500000US37149,350000
0500000US26095,55500
0500000US36053,5725050
0500000US21189,500000
0500000US47145,1930000
0500000US51117,5560000
0500000US51153,8557000
0500000US06067,2235000
0500000US06103,5580100
0500000US47095,1565000
0500000US16019,5515200
0500000US51181,16590000
0500000US12029,200000
0500000US36113,505000
0500000US21133,5500000
0500000US53053,560000
0500000US51157,5115000
0500000US30107,0
0500000US42061,1195000
0500000US24009,130122500
0500000US53021,50000
0500000US53001,50
0500000US30089,0
0500000US53051,0
0500000US42025,135000
0500000US36027,6290000
0500000US51067,53990000
0500000US16017,655000
0500000US30059,0
0500000US21197,2410000
0500000US36055,165000
0500000US16049,25050
0500000US13029,47250000
0500000US37053,615500
0500000US32013,0
0500000US51650,9406000
0500000US51099,1050000
0500000US42093,550000
0500000US06107,2885000
0500000US42131,6265000
0500000US39011,7333000
0500000US13007,10090000
0500000US13113,9400000
0500000US39009,35370000
0500000US08107,5000
0500000US39079,5600000
0500000US54061,7192000
0500000US36117,5405000
0500000US08109,505000
0500000US30087,515000
0500000US47067,510000
0500000US16051,230500
0500000US47171,575000
0500000US06009,0
0500000US49005,55100
0500000US27059,5770000
0500000US46001,0
0500000US54073,535000
0500000US30101,10050
0500000US24039,93000
0500000US49001,50
0500000US06001,100500
0500000US53047,70000
0500000US48173,525100
0500000US50009,565000
0500000US18147,105410500
0500000US48109,500000
0500000US16041,55500
0500000US32009,50
0500000US06111,10000
0500000US37059,355000
0500000US41015,550000
0500000US21193,505000
0500000US22087,1010000
0500000US12125,5009000
0500000US36015,15810000
0500000US36107,18885000
0500000US47143,21830000
0500000US41061,5000
0500000US41017,55000
0500000US16075,50000
0500000US30063,50
0500000US16005,5171050
0500000US32011,50
0500000US48427,500050
0500000US51147,545000
0500000US51007,6182000
0500000US51047,8135000
0500000US51610,5000000
0500000US51031,6590000
0500000US37073,8221000
0500000US26053,230000
0500000US55078,20416000
0500000US47039,2925000
0500000US51670,5085000
0500000US24019,11802000
0500000US16043,50000
0500000US08049,5000
0500000US26097,120000
0500000US49031,0
0500000US49013,50500
0500000US29677,5010000
0500000US13083,29275000
0500000US41041,540000
0500000US06069,5000
0500000US42053,73875000
0500000US42083,49950000
0500000US42119,56455000
0500000US26085,150000
0500000US56017,50000
0500000US39013,105000
0500000US08043,106000
0500000US44007,6615000
0500000US34023,55000
0500000US36081,1305000
0500000US30065,35000
0500000US16071,550000
0500000US49053,50
0500000US21043,850000
0500000US36033,510000
0500000US08081,53000
0500000US16031,4000
0500000US16027,105000
0500000US36073,50000
0500000US36025,4725000
0500000US54017,1005000
0500000US51121,5100000
0500000US06053,1011000
0500000US16079,20000
0500000US26135,3275500
0500000US26083,5000
0500000US26061,5000
0500000US32023,0
0500000US56039,5000000
0500000US16063,51000
0500000US30009,12500
0500000US16053,60500
0500000US06029,698000
0500000US21013,51538000
0500000US16013,120500
0500000US48137,0
0500000US48425,700000
0500000US42013,5000000
0500000US21171,9641000
0500000US21003,18270000
0500000US35011,50000
0500000US49027,50
0500000US32019,505000
0500000US54087,0
0500000US47019,385000
0500000US36057,50705000
0500000US36095,50600000
0500000US34031,5530000
0500000US06013,275000
0500000US06095,26000
0500000US36017,5100000
0500000US34037,800000
0500000US21205,500000
0500000US21165,90558000
0500000US21115,129660000
0500000US38065,615000
0500000US21131,75000
0500000US16087,100000
0500000US36085,560000
0500000US36087,5000
0500000US44003,500000
0500000US53049,50000
0500000US30047,58000
0500000US47101,57110500
0500000US53035,50000
0500000US54007,5000
0500000US42009,1232500
0500000US41059,50000
0500000US48435,10500
0500000US08015,50000
0500000US27031,0
0500000US16045,5000
0500000US42069,900000
0500000US42127,465000
0500000US37003,1570000
0500000US08067,90000
0500000US30007,0
0500000US30057,50000
0500000US53017,0
0500000US36023,310000
0500000US13237,56895000
0500000US13181,1302000
0500000US06115,50000
0500000US13101,515000
0500000US37181,51535000
0500000US54011,235000
0500000US41031,1000
0500000US51127,1685000
0500000US51095,15390000
0500000US36037,4500000
0500000US41043,270500
0500000US53067,110000
0500000US32015,5000
0500000US51620,500000
0500000US13291,600000
0500000US08029,30000
0500000US54065,30500
0500000US36069,1185000
0500000US16055,100000
0500000US42023,0
0500000US41025,10000
0500000US48385,90000
0500000US21022,500000
0500000US11001,57000
0500000US21025,2336000
0500000US21119,500000
0500000US47175,75000
0500000US51125,100000
0500000US08105,10000
0500000US51169,70000
0500000US37111,515000
0500000US37189,80000
0500000US21077,195000
0500000US51019,7505000
0500000US42159,1400000
0500000US42057,6000
0500000US24510,265000
0500000US51167,265000
0500000US54103,10000
0500000US06041,200000
0500000US13281,70000
0500000US13065,150000
0500000US51013,1160000
0500000US41003,0
0500000US54023,10000
0500000US51171,2087000
0500000US53027,0
0500000US41053,10000
0500000US30023,0
0500000US08079,10000
0500000US54051,170000
0500000US21127,192720000
0500000US16073,35000
0500000US06079,0
0500000US21195,10000
0500000US42103,1840000
0500000US54057,305000
0500000US54027,305000
0500000US47091,3215000
0500000US16007,20000
0500000US09011,0
0500000US08077,1000
0500000US35039,100000
0500000US51063,20000
0500000US08007,1000
0500000US49009,0
0500000US47135,8480000
0500000US30005,50000
0500000US51630,230000
0500000US51141,395000
0500000US47025,2315000
0500000US48247,1500000
0500000US51540,505000
0500000US54095,90000
0500000US47083,12551000
0500000US49017,300000
0500000US30029,8000
0500000US21153,39185000
0500000US49007,25000
0500000US12086,9431000
0500000US51510,1060000
0500000US22093,3466000
0500000US42067,595000
0500000US41023,0
0500000US53073,10000
0500000US08085,28000
0500000US21121,80000
0500000US02155,0
0500000US36019,30000
0500000US51683,500000
0500000US06113,3000
0500000US06101,90000
0500000US32510,0
0500000US21237,39320000
0500000US02181,0
0500000US30095,0
0500000US23023,250000
0500000US21039,2213000
0500000US21095,720000
0500000US36099,10000
0500000US16035,0
0500000US36047,315000
0500000US08019,0
0500000US16037,1000
0500000US53019,0
0500000US51570,2120000
0500000US08093,30000
0500000US13125,1921000
0500000US47155,63000
0500000US35055,10000
0500000US30067,32500000
0500000US36005,185000
0500000US50005,25000
0500000US39115,310000
0500000US54105,75000
0500000US16061,0
0500000US06011,70000
0500000US51155,5845000
0500000US51720,50000
0500000US21159,39185000
0500000US54059,90000
0500000US04023,0
0500000US44009,50000
0500000US06057,0
0500000US06027,0
0500000US41019,1000
0500000US47013,0
0500000US54085,20000
0500000US25025,4010000
0500000US32021,0
0500000US49037,0
0500000US54097,300000
0500000US47027,20000
0500000US06035,0
0500000US04009,0
0500000US06055,0
0500000US41069,0
0500000US46102,0
0500000US35031,0
0500000US39163,25000
0500000US32005,0
0500000US35006,0
0500000US37009,110000
